{
  "project_info": {
    "project_number": "685255045326",
    "firebase_url": "https://webakrutiassignment.firebaseio.com",
    "project_id": "webakrutiassignment",
    "storage_bucket": "webakrutiassignment.appspot.com"
  },
  "client": [
    {
      "client_info": {
        "mobilesdk_app_id": "1:685255045326:android:b96edd22bd078d82",
        "android_client_info": {
          "package_name": "com.assignment.call"
        }
      },
      "oauth_client": [
        {
          "client_id": "685255045326-efte8fqrrrm4o871r0mbb8qmmodprfbv.apps.googleusercontent.com",
          "client_type": 3
        },
        {
          "client_id": "685255045326-efte8fqrrrm4o871r0mbb8qmmodprfbv.apps.googleusercontent.com",
          "client_type": 3
        }
      ],
      "api_key": [
        {
          "current_key": "AIzaSyCA5dfqud9kFv09dXHYENoCbwyQ-VXTcGo"
        }
      ],
      "services": {
        "analytics_service": {
          "status": 1
        },
        "appinvite_service": {
          "status": 1,
          "other_platform_oauth_client": []
        },
        "ads_service": {
          "status": 2
        }
      }
    }
  ],
  "configuration_version": "1"
}